-- phpMyAdmin SQL Dump
-- version 5.2.1
-- https://www.phpmyadmin.net/
--
-- Máy chủ: 127.0.0.1
-- Thời gian đã tạo: Th5 29, 2024 lúc 04:12 AM
-- Phiên bản máy phục vụ: 10.4.32-MariaDB
-- Phiên bản PHP: 8.2.12

SET SQL_MODE = "NO_AUTO_VALUE_ON_ZERO";
START TRANSACTION;
SET time_zone = "+00:00";


/*!40101 SET @OLD_CHARACTER_SET_CLIENT=@@CHARACTER_SET_CLIENT */;
/*!40101 SET @OLD_CHARACTER_SET_RESULTS=@@CHARACTER_SET_RESULTS */;
/*!40101 SET @OLD_COLLATION_CONNECTION=@@COLLATION_CONNECTION */;
/*!40101 SET NAMES utf8mb4 */;

--
-- Cơ sở dữ liệu: `appbanhang`
--

-- --------------------------------------------------------

--
-- Cấu trúc bảng cho bảng `chitietdonhang`
--

CREATE TABLE `chitietdonhang` (
  `id` int(11) NOT NULL,
  `madonhang` int(11) NOT NULL,
  `masanpham` int(11) NOT NULL,
  `tensanpham` int(255) NOT NULL,
  `giasanpham` int(11) NOT NULL,
  `soluongsanpham` int(11) NOT NULL
) ENGINE=InnoDB DEFAULT CHARSET=utf8mb4 COLLATE=utf8mb4_general_ci;

-- --------------------------------------------------------

--
-- Cấu trúc bảng cho bảng `donhang`
--

CREATE TABLE `donhang` (
  `id` int(11) NOT NULL,
  `tenkhachhang` varchar(255) NOT NULL,
  `sodienthoai` int(11) NOT NULL,
  `diachi` varchar(255) NOT NULL
) ENGINE=InnoDB DEFAULT CHARSET=utf8mb4 COLLATE=utf8mb4_general_ci;

--
-- Đang đổ dữ liệu cho bảng `donhang`
--

INSERT INTO `donhang` (`id`, `tenkhachhang`, `sodienthoai`, `diachi`) VALUES
(1, '', 0, ''),
(2, 'abc dl', 383693748, 'trung van, nam tu liem, ha noi');

-- --------------------------------------------------------

--
-- Cấu trúc bảng cho bảng `loaisanpham`
--

CREATE TABLE `loaisanpham` (
  `id` int(11) NOT NULL,
  `tenloaisanpham` varchar(200) NOT NULL,
  `hinhanhloaisanpham` varchar(200) NOT NULL
) ENGINE=InnoDB DEFAULT CHARSET=utf8mb4 COLLATE=utf8mb4_general_ci;

--
-- Đang đổ dữ liệu cho bảng `loaisanpham`
--

INSERT INTO `loaisanpham` (`id`, `tenloaisanpham`, `hinhanhloaisanpham`) VALUES
(1, 'Điện thoại', 'https://icons.iconarchive.com/icons/custom-icon-design/mono-business/256/phone-icon.png'),
(2, 'Laptop', 'https://icons.iconarchive.com/icons/custom-icon-design/pretty-office-10/256/Laptop-icon.png'),
(3, 'Thông tin', 'https://icons.iconarchive.com/icons/kyo-tux/delikate/256/Info-icon.png'),
(4, 'Liên hệ', 'https://icons.iconarchive.com/icons/hopstarter/sleek-xp-basic/256/Chat-icon.png');

-- --------------------------------------------------------

--
-- Cấu trúc bảng cho bảng `sanpham`
--

CREATE TABLE `sanpham` (
  `id` int(11) NOT NULL,
  `tensanpham` varchar(200) NOT NULL,
  `giasanpham` int(15) NOT NULL,
  `hinhanhsanpham` varchar(200) NOT NULL,
  `motasanpham` varchar(10000) NOT NULL,
  `idsanpham` int(3) NOT NULL
) ENGINE=InnoDB DEFAULT CHARSET=utf8mb4 COLLATE=utf8mb4_general_ci;

--
-- Đang đổ dữ liệu cho bảng `sanpham`
--

INSERT INTO `sanpham` (`id`, `tensanpham`, `giasanpham`, `hinhanhsanpham`, `motasanpham`, `idsanpham`) VALUES
(1, 'Iphone 15 Pro Max', 29590000, 'https://cdn.tgdd.vn/Products/Images/42/305658/iphone-15-pro-max-blue-thumbnew-600x600.jpg', 'iPhone 15 Pro Max mẫu điện thoại mới nhất của Apple cuối cùng cũng đã chính thức được ra mắt vào tháng 09/2023. Mẫu điện thoại này sở hữu một con chip với hiệu năng mạnh mẽ Apple A17 Pro, màn hình đẹp mắt và cụm camera vô cùng chất lượng.\nDiện mạo đẳng cấp và cực kỳ sang trọng\niPhone 15 Pro Max tiếp tục sẽ là một chiếc điện thoại có màn hình và mặt lưng phẳng đặc trưng đến từ nhà Apple, mang lại vẻ đẹp thanh lịch và sang trọng.\n\nChất liệu chủ đạo của iPhone 15 Pro Max vẫn là khung kim loại và mặt lưng kính cường lực, tạo nên sự bền bỉ và chắc chắn. Tuy nhiên, với công nghệ tiên tiến, khung này đã được nâng cấp thành chất liệu titanium thay vì thép không gỉ hay nhôm ở những thế hệ trước.', 1),
(2, 'Samsung Galaxy S23 Ultra 5G', 20990000, 'https://cdn.tgdd.vn/Products/Images/42/249948/samsung-galaxy-s23-ultra-green-thumbnew-600x600.jpg', 'Samsung Galaxy S23 Ultra 5G 256GB là chiếc smartphone cao cấp nhất của nhà Samsung, sở hữu cấu hình không tưởng với con chip khủng được Qualcomm tối ưu riêng cho dòng Galaxy và camera lên đến 200 MP, xứng danh là chiếc flagship Android được mong đợi nhất trong năm 2023.Tích hợp các tính năng AI: Galaxy S23 Ultra đã gây ấn tượng mạnh mẽ khi ra mắt với thiết kế đột phá và hiệu suất vượt trội. Vào cuối tháng 3 năm 2024, Samsung đã giới thiệu One UI 6.1, đưa vào Galaxy S23 Ultra các tính năng AI tiên tiến từ dòng Galaxy S24 trước đó. Người dùng được trải nghiệm Trợ lý Note thông minh, Trợ lý chỉnh ảnh, Trợ lý chat thông minh, Phiên dịch trực tiếp và Khoanh vùng tìm kiếm thông minh, tất cả đều làm tăng tính tiện ích và trải nghiệm sử dụng thiết bị di động.Tạo hình sang trọng đầy tinh tế. Về thiết kế thì Samsung Galaxy S23 Ultra sẽ tiếp tục thừa hưởng kiểu dáng sang trọng đến từ thế hệ trước, vẫn là bộ khung kim loại, mặt lưng kính cùng kiểu tạo hình bo cong nhẹ ở cạnh bên và màn hình.\r\n\r\n', 1),
(3, 'Samsung Galaxy A55 5G', 11490000, 'https://cdn.tgdd.vn/Products/Images/42/322096/samsung-galaxy-a55-5g-blue-thumbnew-600x600.jpg', 'Samsung Galaxy A55 5G, mẫu điện thoại mới của dòng Galaxy A, ra mắt với nhiều công nghệ tiên phong kèm theo kết nối 5G nhanh chóng. Được giới thiệu như một lựa chọn đa năng, chất lượng cao nhưng có mức giá hợp lý, hứa hẹn sẽ là sản phẩm đáng chú ý trên thị trường.Thiết kế sang trọng, tinh tế. Điện thoại Galaxy A55 5G tạo điểm nhấn với chất lượng và thiết kế vuông vức tinh tế. Nó thể hiện sự hòa trộn hoàn hảo giữa đường nét mềm mại và các góc cạnh, kết hợp với viền màn hình siêu mỏng và mặt lưng nhám mịn, tạo ra cảm giác sang trọng và đẳng cấp.Galaxy A55 5G với khung kim loại chắc chắn không chỉ thêm phần cuốn hút mà còn cung cấp độ bền cao. Sự kết hợp giữa vẻ ngoài sang trọng và tính bền bỉ của khung viền, tạo nên một chiếc điện thoại không chỉ đẹp mắt mà còn đáng tin cậy.Sản phẩm thuộc dòng điện thoại Galaxy A tiếp nối những tiến bộ trong việc nâng cao khả năng chống nước và chống bụi chuẩn IP67, giúp người dùng yên tâm hơn mỗi khi tiếp xúc với môi trường ẩm ướt hay bụi bẩn. Điều này không chỉ giúp tăng cường tuổi thọ của thiết bị mà còn giúp bạn sử dụng máy một cách thoải mái hơn trong mọi tình huống.Phần màn hình với kính cường lực Corning Gorilla Glass 7+, Galaxy A55 5G trở thành một trong những chiếc điện thoại có độ bảo vệ màn hình tốt nhất hiện nay. Cùng với cụm camera 3 ống kính bố trí rời tạo nên điểm nhấn về thiết kế, Galaxy A55 5G tiếp tục khẳng định vị thế của mình trong phân khúc điện thoại thông minh tầm trung.', 1),
(4, 'Samsung Galaxy M54 5G', 8990000, 'https://cdn.tgdd.vn/Products/Images/42/275953/samsung-galaxy-m54-bac-thumb-600x600.jpg', 'Tiếp nối thành công của Galaxy M53 5G, Samsung tiếp tục tung ra thị trường mẫu điện thoại Samsung Galaxy M54 5G. Lần ra mắt này Samsung đã nâng cấp về mặt hiệu năng, dung lượng pin đồng thời cải tiến về mặt thiết kế giúp đem đến sản phẩm tốt nhất cho bạn.Thao tác nhanh chóng với Exynos 1380.Diểm đầu tiên mà mình muốn nói sau khi trải nghiệm Galaxy M54 5G chính là phần hiệu năng, máy được trang bị con chip Exynos 1380 8 nhân đầy mạnh mẽ. Có thể thấy với Exynos 1380 thì máy sẽ đáp ứng hầu hết mọi tác vụ từ đơn giản đến phức tạp một cách nhanh chóng.Mình cũng khá lo sợ về hiệu năng của máy khi sử dụng con chip cây nhà lá vườn của Samsung. Tuy nhiên, lần này hãng đã xử lý rất tốt và mang đến một trải nghiệm tuyệt vời với việc xử lý các tác vụ hằng ngày.', 1),
(5, 'Samsung Galaxy S24 Ultra 5G', 28490000, 'https://cdn.tgdd.vn/Products/Images/42/307174/samsung-galaxy-s24-ultra-grey-thumb-600x600.jpg', 'Samsung Galaxy S24 Ultra mẫu điện thoại cao cấp được ra mắt vào đầu năm 2024, sản phẩm tiếp tục kế thừa và cải tiến từ thế hệ trước. Điểm đặc biệt là sử dụng chip Snapdragon 8 Gen 3 for Galaxy, camera 200 MP và tích hợp nhiều tính năng AI.Thiết kế sang trọng và có sử dụng Titanium.Thiết kế của Galaxy S24 Ultra có thể xem là một điểm nâng cấp nổi bật trong dòng điện thoại flagship của Samsung ở năm 2024. Bên cạnh đó, sự thay đổi này cũng tạo nên một số ý kiến trái chiều cho rằng hãng đang lười làm mới sản phẩm của mình khi đem nguyên kiểu thiết kế cũ sang và thay đổi ở phần chất liệu.Tuy nhiên, sau khi cầm nắm và trải nghiệm thực tế, mình thấy hãng thay đổi khá nhiều chứ không hẳn sao chép y hệt Galaxy S23 Ultra, chỉ là hãng đang cố giữ lại những gì vốn đã tốt và khắc phục một vài nhược điểm để điện thoại được hoàn thiện nhất mà thôi.Ấn tượng đầu tiên khi được cầm Galaxy S24 Ultra trên tay là máy rất sang, hãng đã không làm bo cong màn hình hay mặt lưng như các phiên bản trước đó nữa, mà thay vào đó là cách tạo hình phẳng phiu ở mặt lưng và màn hình giúp tạo nên tính đồng bộ. Có thể nói, 2024 là năm mà Samsung làm mẫu điện thoại Ultra được phẳng nhất trong vài năm trở lại đây.', 1),
(6, 'Samsung Galaxy S24 5G', 19790000, 'https://cdn.tgdd.vn/Products/Images/42/319665/samsung-galaxy-s24-yellow-thumb-600x600.png', 'Trong sự kiện Unpacked 2024 diễn ra vào ngày 18/01, Samsung đã chính thức ra mắt chiếc điện thoại Samsung Galaxy S24. Sản phẩm này mang đến nhiều cải tiến độc đáo, bao gồm việc sử dụng chip mới của Samsung, tích hợp nhiều tính năng thông minh sử dụng trí tuệ nhân tạo và cải thiện đáng kể hiệu suất chụp ảnh từ hệ thống camera.\r\nThiết kế vuông hơn, thời thượng hơn.Về phần thiết kế, Samsung vẫn tiếp tục sử dụng kiểu dáng vuông vức và cách bố trí cụm camera quen thuộc so với Samsung Galaxy S23. Đáng khen là hãng có ghi nhận những góp ý từ đời trước nên cũng đã tối ưu nhẹ ở một vài điểm như: Các góc làm vuông hơn, viền màn hình mỏng hơn và cuối cùng là dải loa được làm theo dạng rảnh.Galaxy S24 có phần khung được làm từ chất liệu nhôm kết hợp cùng mặt lưng kính cường lực. Mình cảm giác máy cực kỳ chắc chắn, cảm giác cầm máy cũng khá là chắc tay. Bởi năm nay cả mặt lưng và khung viền đều được làm nhám, khác với Galaxy S23 có khung viền làm theo kiểu bóng.\r\n\r\n', 1),
(7, 'Samsung Galaxy S24+ 5G', 22490000, 'https://cdn.tgdd.vn/Products/Images/42/307172/samsung-galaxy-s24-plus-violet-thumb-600x600.jpg', 'Samsung đã cho ra mắt Samsung Galaxy S24+ 5G 256GB, chiếc điện thoại đẳng cấp của họ tại sự kiện hàng năm diễn ra vào ngày 18/01 tại Mỹ. Điểm độc đáo của sản phẩm nằm ở chip mới của Samsung, đi kèm với sự phát triển trong việc bổ sung nhiều tính năng thông minh có tích hợp AI và tăng cường khả năng chụp ảnh ở phần camera.\r\nThiết kế vuông hơn, màn hình mỏng hơn.Đầu tiên, mình thích cách thiết kế của máy với vẻ ngoại hình vuông vức và mặt lưng phẳng, giữ nguyên phong cách từ các phiên bản trước đó. Tuy nhiên, năm nay hãng có một thay đổi nhỏ đó là làm bốn góc có hơi vuông hơn Samsung Galaxy S23+, tạo nên một tổng thể vuông vắn cho ra cái nhìn sang trọng và cực kỳ bắt trend.', 1),
(8, 'Samsung Galaxy A25 5G', 6690000, 'https://cdn.tgdd.vn/Products/Images/42/319904/samsung-galaxy-a25-den-thumb-600x600.jpg', 'Samsung Galaxy A25 5G 8GB một trong những mẫu điện thoại tầm trung mới nhất của Samsung được ra mắt vào tháng 12 năm 2023. Máy sở hữu thiết kế trẻ trung, màn hình Super AMOLED sống động, camera 50 MP chất lượng và pin 5000 mAh cho thời gian sử dụng lâu dài.\r\nNgoại hình vuông vắn hiện đại\r\nGalaxy A25 5G là một biểu tượng mới của sự tinh tế và hiệu suất trong thiết kế, mang đến trải nghiệm người dùng đỉnh cao. Với việc kế thừa kiểu dáng vuông vắn đặc trưng của dòng Galaxy A, chiếc điện thoại này tạo nên một ngoại hình mạnh mẽ và đẳng cấp.\r\n\r\nMặt lưng và khung nhựa của Galaxy A25 5G không chỉ giúp giảm giá thành mà còn làm cho chiếc điện thoại Samsung này trở nên nhẹ nhàng hơn mà vẫn giữ được độ cứng cáp. Mặc dù là nhựa, nhưng chất liệu được sử dụng đảm bảo không bị ọp ẹp, đồng thời tạo ra một cảm giác cầm nắm thoải mái và chắc chắn.\r\n\r\nThiết kế điện thoại - Samsung Galaxy A25 5G\r\n\r\nĐiểm độc đáo khác là việc tích hợp cảm biến vân tay ngay tại cạnh viền, điều này không chỉ tạo ra một vị trí thuận tiện để mở khóa điện thoại mà còn giữ cho mặt lưng có được một thiết kế đơn giản mà không bị gián đoạn bởi cảm biến.\r\n\r\nGalaxy A25 5G đến với người dùng với 3 tông màu sắc độc đáo: vàng, đen và xanh dương. Sự đa dạng trong màu sắc không chỉ làm cho điện thoại trở nên độc đáo mà còn thể hiện cái tôi và phong cách riêng biệt của từng người dùng.\r\n\r\nMàn hình Super AMOLED rực rỡ\r\nVới công nghệ màn hình Super AMOLED, Galaxy A25 5G không chỉ hiển thị đa dạng với màu sắc rực rỡ mà còn mang lại độ tương phản ấn tượng, giúp mỗi hình ảnh trở nên sống động và sắc nét hơn bao giờ hết. Màn hình này cũng giúp tiết kiệm năng lượng, tăng thời lượng pin và hiệu suất tổng thể của thiết bị.\r\n\r\nMàn hình của chiếc máy này có độ phân giải Full HD+ (1080 x 2340 pixels), từ đó giúp mọi chi tiết trên màn hình Galaxy A25 5G được hiển thị rõ nét và chân thực. Hình ảnh hay video giờ đây sẽ trở nên sống động, chi tiết hơn bao giờ hết, mang đến cho người dùng trải nghiệm hình ảnh chân thực và đẹp mắt với mọi nhu cầu giải trí.\r\n\r\nMàn hình rực rỡ - Samsung Galaxy A25 5G\r\n\r\nChiếc điện thoại Samsung Galaxy dòng A này có màn hình kích thước 6.5 inch, đủ lớn để người dùng có thể xem nội dung được to rõ và cũng vừa đủ để cân bằng trải nghiệm cầm nắm, bởi đôi khi kích thước lớn có thể sẽ gây nên cảm giác cầm nắm chưa được thoải mái.\r\n\r\nVới độ sáng tối đa lên đến 1000 nits, Galaxy A25 5G giúp hiển thị rõ ràng các nội dung như tin nhắn hay bản đồ kể cả khi sử dụng ngoài trời. Cùng với đó là tần số quét màn hình 120 Hz giúp tối ưu tốc độ làm mới màn hình, làm tăng sự mượt mà và tăng trải nghiệm của người dùng khi sử dụng điện thoại.\r\n\r\nCamera 50 MP hỗ trợ OIS\r\nSamsung Galaxy A25 5G không chỉ là một thiết bị thông minh tiện ích, mà còn là người bạn đồng hành lý tưởng cho những người yêu thích nhiếp ảnh, nhờ vào hệ thống camera đa dạng và mạnh mẽ của mình với bộ 3 cảm biến ở phía sau.\r\n\r\nỞ trung tâm của hệ thống camera sau là chiếc camera chính với độ phân giải khủng 50 MP và khẩu độ f/1.8. Điều này đảm bảo mọi bức ảnh được chụp sẽ đầy đủ chi tiết và sắc nét. Công nghệ OIS (ổn định hình ảnh quang học) được tích hợp giúp ổn định hình ảnh, đặc biệt hữu ích trong điều kiện ánh sáng yếu hoặc chụp ảnh khi di chuyển.\r\n\r\nCamera chất lượng - Samsung Galaxy A25 5G\r\n\r\nCamera phụ 2 MP với khẩu độ f/2.4 sẽ là một công cụ hữu ích cho việc chụp ảnh macro. Bạn có thể bắt gọn mọi chi tiết nhỏ nhất của vật thể, từ các bông hoa sặc sỡ đến chi tiết trên một tờ giấy. Đây là công cụ lý tưởng để thể hiện sự sáng tạo và tạo nên những bức ảnh nghệ thuật.\r\n\r\nCuối cùng là camera phụ 8 MP và khẩu độ f/2.2, Galaxy A25 5G cho phép bạn mở rộng tầm nhìn và chụp ảnh góc siêu rộng. Tận hưởng việc bắt gọn cảnh đẹp xung quanh mà không bị cắt giảm, từ bãi biển tới khung cảnh đô thị rộng lớn.\r\n\r\nẢnh chụp từ điện thoại - Samsung Galaxy A25 5G\r\n\r\nHệ thống camera của Galaxy A25 5G hỗ trợ chế độ chụp đêm nâng cao, giúp bạn ghi lại những khoảnh khắc quý giá dưới ánh đèn yếu mà không mất đi chi tiết và màu sắc quá nhiều. Cùng với đó là chế độ chụp cảnh AI, sử dụng trí tuệ nhân tạo để tối ưu hóa cài đặt máy ảnh, giúp mọi bức ảnh trở nên sống động và tươi tắn.\r\n\r\nHiệu năng ổn định cùng hệ điều hành Android mới\r\nSự mạnh mẽ của Galaxy A25 5G bắt nguồn từ chip Exynos 1280 8 nhân, một sự kết hợp hoàn hảo giữa hiệu suất và tiết kiệm năng lượng. Với khả năng xử lý đa nhiệm mượt mà và ổn định, chiếc điện thoại này đáp ứng mọi nhu cầu từ công việc đến giải trí, với sự linh hoạt ổn định trong mức giá phải chăng.\r\n\r\nGalaxy A25 5G tích hợp dung lượng RAM lên đến 8 GB, tạo điều kiện thuận lợi cho trải nghiệm đa nhiệm mượt mà. Bạn có thể thoải mái mở đồng thời nhiều ứng dụng mà không gặp trục trặc, từ việc duyệt web đến xem video hay thậm chí là chơi game mà vẫn duy trì hiệu suất ổn định.\r\n\r\nCấu hình mạnh trong tầm giá - Samsung Galaxy A25 5G\r\n\r\nLà một trong những sản phẩm đầu tiên tại thị trường Việt Nam trang bị hệ điều hành Android 14, Galaxy A25 5G đưa đến trải nghiệm người dùng đỉnh cao. Được thiết kế và tối ưu hóa cho môi trường di động, Android 14 mang lại cảm giác mới mẻ, hiện đại và an toàn, đồng thời tương thích hoàn hảo với các ứng dụng và tính năng tiên tiến nhất.\r\n\r\nPin lớn cung cấp năng lượng cho cả ngày dài\r\nVới viên pin dung lượng lớn 5000 mAh, Galaxy A25 5G là người bạn đồng hành lý tưởng cho những ngày dài và sử dụng liên tục. Điều này mang lại trải nghiệm sử dụng liền mạch mà không cần phải lo lắng về việc sạc pin thường xuyên.Tích hợp pin lớn - Samsung Galaxy A25 5G. Với tính năng sạc nhanh 25 W, Galaxy A25 5G giúp bạn tiết kiệm thời gian và giữ cho chiếc điện thoại luôn sẵn sàng. Một lúc ngắn là đủ để làm đầy pin và chuẩn bị cho mọi thách thức, từ chụp ảnh đến trả lời tin nhắn công việc quan trọng.\r\nTổng kết, Samsung Galaxy A25 5G là một chiếc điện thoại thu hút với thiết kế hiện đại và đơn giản, màn hình Super AMOLED sắc nét, dung lượng RAM lớn, hệ thống camera đa dạng và pin dung lượng khủng. Đây là sự lựa chọn phù hợp cho những người đang tìm kiếm một chiếc điện thoại đáp ứng đầy đủ nhu cầu hằng ngày mà không phải chi trả một khoản tài chính quá lớn.\r\n\r\n', 1),
(9, 'Samsung Galaxy A15 5G', 5990000, 'https://cdn.tgdd.vn/Products/Images/42/319584/thumb-5g-xanh-duong-600x600.jpg', 'Samsung cải thiện dòng sản phẩm phân khúc giá thấp của mình trong năm 2023 thông qua việc giới thiệu mẫu Samsung Galaxy A15 5G. Với một thiết kế độc đáo và hiện đại, sản phẩm đáp ứng đầy đủ các tiêu chí về hiệu suất và giá trị với cấu hình ổn định và giá cả vô cùng hợp lý.\r\nThiết kế vuông vắn đặc trưng\r\nThiết kế của Galaxy A15 5G thực sự thu hút mình từ lần đầu tiên nhìn thấy. Với hình dáng vuông vắn, thiết kế này không chỉ giữ vững phong cách truyền thống của dòng Galaxy A mà còn phản ánh sự đồng nhất và sự mạnh mẽ của dòng sản phẩm.\r\n\r\nMình thấy rằng, dù không có nhiều yếu tố mới mẻ, nhưng cách mà Samsung thể hiện sự tinh tế qua kiểu thiết kế này vẫn làm cho chiếc điện thoại này nổi bật. Đặc biệt là kiểu bố trí cụm camera không đổi càng làm nổi hơn cho sự đặc trưng này.\r\n\r\n\r\n\r\nĐiều mình ấn tượng nhất là cách mà Samsung đã sắp xếp từng ống kính một cách riêng biệt, không chỉ đơn thuần là đặt chúng trong một cụm cố định. Thay vào đó, mỗi ống kính được đặt riêng lẻ, tạo ra một tổng thể tối giản giúp tăng tính sang trọng và hiện đại cho điện thoại.\r\n\r\n\r\n\r\nMặt sau và khung của Galaxy A15 5G được làm từ nhựa, việc này giúp tối ưu khối lượng trên máy nên khi cầm nắm mình cảm giác cũng nhẹ nhàng và thoải mái, vừa nằm vừa cầm máy để xem phim một hai tiếng liên tục cũng khá dễ chịu. Mình thấy đây là một sự lựa chọn khá hợp lý, đặc biệt hơn khi nó cũng giúp giảm bớt giá thành cho Galaxy A15 5G.\r\n\r\n\r\n\r\nViệc tích hợp cảm biến vân tay vào nút nguồn ở cạnh bên là một tính năng tiện ích và an toàn. Mình cảm thấy rất hài lòng với trải nghiệm mở khóa dễ dàng và nhanh chóng. Tính năng này không chỉ giúp bảo vệ thông tin cá nhân mà còn làm cho việc sử dụng điện thoại trở nên thuận tiện hơn.\r\n\r\nTrang bị màn hình lớn cùng tấm nền cao cấp\r\nĐầu tiên, mình phải công nhận rằng công nghệ màn hình Super AMOLED trên Galaxy A15 5G thực sự ấn tượng. Việc mỗi pixel tỏa sáng độc lập tạo ra một độ tương phản cực cao, khiến cho mọi hình ảnh trên màn hình trở nên sống động và chân thực. Mỗi lần sử dụng điện thoại, mình đều cảm nhận được sự lôi cuốn của màn hình này.\r\n\r\n\r\n\r\nKích thước màn hình 6.5 inch của Galaxy A15 5G cũng là một điểm mạnh, tạo ra một không gian hiển thị rộng lớn. Điều này thực sự thuận lợi cho việc giải trí như xem phim, chơi game hay thậm chí là làm việc.\r\n\r\nVới độ phân giải màn hình cao Full HD+ (1080 x 2340 Pixels), Galaxy A15 5G làm cho hình ảnh trên trở nên rõ nét và chi tiết. So với các đối thủ khác trong phân khúc, Full HD+ có thể không quá nổi bật nhưng nhờ sự kết hợp với tấm nền Super AMOLED nên mình cảm giác màn hình này nó nét hơn Full HD+ trên các tấm nền PLS LCD hay kể cả là AMOLED.\r\n\r\n\r\n\r\nĐộ sáng lên đến 800 nits giúp màn hình của Galaxy A15 5G hiển thị rõ ràng dưới ánh sáng mặt trời, làm cho việc sử dụng điện thoại ngoài trời trở nên dễ dàng hơn. Và việc hỗ trợ tần số quét 90 Hz làm cho mọi chuyển động trên màn hình được mượt mà và linh hoạt hơn, đặc biệt là khi chơi game và xem video.\r\n\r\n\r\n\r\nTrang bị camera chính 50 MP và nhiều tính năng\r\nVới camera chính lên đến 50 MP, chiếc điện thoại Samsung này mang lại cho mình những bức ảnh có chất lượng cao, từ màu sắc đến độ sắc nét. Mình cảm thấy rất tự tin khi sử dụng chiếc điện thoại này để chụp ảnh. Đặc biệt là trong môi trường nhiều ánh sáng, ảnh cho ra trong trẻo và màu sắc nhìn cũng rất chi nịnh mắt.\r\n\r\n\r\n\r\n\r\n\r\n\r\n\r\nMột điểm mạnh khác của Galaxy A15 5G là tính đa dạng của hệ thống camera, bao gồm cả camera góc siêu rộng và camera macro. Cả hai tính năng này giúp mình mở rộng không gian quay và khám phá những chi tiết tinh tế trong thế giới xung quanh.\r\n\r\nTích hợp chipset Dimensity 6100+\r\nMột trong những ưu điểm của Galaxy A15 5G là việc sử dụng chip Dimensity 6100+, tạo nên một cấu hình ổn định trong tầm giá. Mình rất ấn tượng với khả năng xử lý nhanh chóng của chip này, giúp điện thoại chạy mượt mà và mang lại những trải nghiệm đa dạng từ các ứng dụng hằng ngày.\r\n\r\n\r\n\r\nỞ các bài test thông qua ứng dụng chuyên dụng, mình thấy con chip Dimensity 6100+ thể hiện khá tốt khi cho ra mức điểm tương đối cụ thể như: 693 điểm đơn nhân, 1908 điểm đa nhân trên Geekbench và đạt được 8873 điểm tổng trên PCMark.\r\n\r\n\r\n\r\nVới hiệu năng đủ mạnh, Galaxy A15 5G không gặp khó khăn khi đối mặt với các tựa game online như Liên Quân Mobile. Mình đã có chơi qua game này ở mức cấu hình cao nhất, thực tế cho ra trải nghiệm cũng khá ổn khi máy ít bị giật lag, tốc độ khung hình cũng duy trì tương đối ổn định ở mức 55 cho đến 60 FPS.\r\n\r\n\r\n\r\nĐối với mình, việc có RAM 8 GB trên Galaxy A15 5G thực sự là một lợi thế, đặc biệt khi cần sử dụng các ứng dụng nặng hoặc chạy nhiều tác vụ cùng một lúc. Mình đã có thể mở nhiều ứng dụng, duyệt web, xem video và thậm chí chơi game mà ít khi gặp phải khó khăn, hiện tượng khựng nhẹ khi mở ứng dụng hay tải lại cũng ít khi xảy ra.Trang bị pin lớn lên đến 5000 mAh.Mình thấy chiếc Galaxy A15 5G này không chỉ đơn thuần là một chiếc điện thoại thông minh. Đặc biệt là với viên pin khủng 5000 mAh mà điện thoại được trang bị, nó như một nguồn năng lượng di động mạnh mẽ mà mình có thể mang theo mọi lúc mọi nơi.Nghĩ về khả năng sử dụng dài hạn mà nó mang lại, mình cảm thấy yên tâm không phải lo về việc tìm cách sạc pin. Thực tế, mình có sử dụng điện thoại liên tục với các tác vụ giải trí thì máy đáp ứng cho mình khoảng 9 tiếng 58 phút.Chiếc điện thoại Samsung Galaxy dòng A này có khả năng sạc nhanh tới 25 W. Từ góc độ cá nhân, mình cho rằng đây là một tiện ích rất thực tế. Khi cuộc sống ngày càng bận rộn, thời gian để sạc pin cho chiếc điện thoại là điều mà mọi người đều muốn giảm thiểu. Vì thế, chỉ cần một thời gian ngắn đâu đó 1 tiếng 29 phút, chiếc điện thoại sẽ sẵn sàng phục vụ cho nhu cầu sử dụng của mình.Samsung Galaxy A15 5G, với sự nâng cấp toàn diện và mạnh mẽ, hứa hẹn là một lựa chọn hấp dẫn, đặc biệt là với những người muốn có một chiếc điện thoại vừa kinh tế vừa đầy đủ tính năng. Đối với học sinh - sinh viên, sản phẩm này sẽ là một sự đầu tư đáng xem xét để đáp ứng nhu cầu hằng ngày cũng như không gian giải trí di động.\r\n\r\n', 1),
(10, 'Iphone 13', 13690000, 'https://cdn.tgdd.vn/Products/Images/42/223602/iphone-13-xanh-la-thumb-new-600x600.jpg', 'Trong khi sức hút đến từ bộ 4 phiên bản iPhone 12 vẫn chưa nguội đi, thì hãng điện thoại Apple đã mang đến cho người dùng một siêu phẩm mới iPhone 13 series với nhiều cải tiến thú vị sẽ mang lại những trải nghiệm hấp dẫn nhất cho người dùng. Hiệu năng vượt trội nhờ chip Apple A15 Bionic.Con chip Apple A15 Bionic siêu mạnh được sản xuất trên quy trình 5 nm giúp iPhone 13 đạt hiệu năng ấn tượng, với CPU nhanh hơn 50%, GPU nhanh hơn 30% so với các đối thủ trong cùng phân khúc.', 1),
(11, 'iPhone 15 Pro', 24990000, 'https://cdn.tgdd.vn/Products/Images/42/299033/iphone-15-pro-white-thumbnew-600x600.jpg', 'iPhone 15 Pro là một trong những chiếc điện thoại thông minh được mong đợi nhất năm 2023. Với nhiều tính năng mới và cải tiến, iPhone 15 Pro chắc chắn sẽ là một lựa chọn tuyệt vời cho những người dùng đang tìm kiếm một chiếc điện thoại cao cấp.chất lượng sản phẩm: Thế Giới Di Động cam kết cung cấp sản phẩm iPhone 15 Pro chính hãng và đảm bảo chất lượng. Điều này giúp bạn yên tâm về xuất xứ sản phẩm và có thể tận hưởng trải nghiệm sử dụng tốt nhất.Ưu đãi và khuyến mãi: Thế Giới Di Động thường xuyên có các chương trình khuyến mãi, giảm giá và tặng quà kèm, giúp bạn tiết kiệm được một khoản tiền khi mua iPhone 15 Pro.Hệ thống cửa hàng rộng rãi: Thế Giới Di Động có mạng lưới cửa hàng rộng rãi trên toàn quốc, giúp bạn dễ dàng tìm được một cửa hàng gần nhà để mua sắm. Bạn cũng có thể trực tiếp kiểm tra sản phẩm và nhận sự hỗ trợ từ nhân viên tại cửa hàng.Dịch vụ hậu mãi tốt: Thế Giới Di Động cung cấp dịch vụ hậu mãi chuyên nghiệp, bao gồm bảo hành, sửa chữa và hỗ trợ kỹ thuật. Điều này giúp bạn yên tâm về việc sử dụng iPhone 15 Pro trong thời gian dài.Hệ thống trả góp linh hoạt: Thế Giới Di Động cung cấp các lựa chọn trả góp phù hợp với ngân sách của bạn, giúp bạn mua được sản phẩm mong muốn mà không cần thanh toán toàn bộ số tiền một lúc.Uy tín và kinh nghiệm: Với hơn 15 năm hoạt động trên thị trường, Thế Giới Di Động đã xây dựng được một uy tín mạnh mẽ trong ngành công nghiệp điện thoại di động. Điều này giúp bạn yên tâm về việc mua sắm tại Thế Giới Di Động.', 1),
(12, 'iPhone 15 Plus', 22290000, 'https://cdn.tgdd.vn/Products/Images/42/303891/iphone-15-plus-hong-128gb-thumb-600x600.jpg', 'Thế Giới Di Động là một trong những nhà bán lẻ điện thoại di động lớn nhất Việt Nam, cung cấp đa dạng các sản phẩm iPhone 15 chính hãng với mức giá cạnh tranh. Dưới đây là một số lý do khiến bạn nên chọn mua iPhone 15 tại Thế Giới Di Động:Chất lượng sản phẩm: Thế Giới Di Động cam kết cung cấp sản phẩm iPhone 15 chính hãng. Điều này giúp bạn yên tâm về chất lượng sản phẩm và được hưởng đầy đủ các quyền lợi bảo hành của Apple.Ưu đãi và khuyến mãi: Thế Giới Di Động thường xuyên có các chương trình khuyến mãi, giảm giá và tặng quà kèm theo, giúp bạn tiết kiệm chi phí khi mua sắm.Hệ thống cửa hàng rộng rãi: Thế Giới Di Động có mạng lưới cửa hàng rộng khắp trên toàn quốc, giúp bạn dễ dàng tìm kiếm và mua sắm. Bạn cũng có thể trải nghiệm sản phẩm trực tiếp tại cửa hàng và nhận sự hỗ trợ từ nhân viên.Dịch vụ hậu mãi tốt: Thế Giới Di Động cung cấp dịch vụ hậu mãi chuyên nghiệp, bao gồm bảo hành, sửa chữa và hỗ trợ kỹ thuật giúp bạn yên tâm khi sử dụng sản phẩm.Hệ thống trả góp linh hoạt: Thế Giới Di Động cung cấp các lựa chọn trả góp phù hợp với ngân sách của bạn, giúp bạn mua được sản phẩm mong muốn mà không cần thanh toán toàn bộ số tiền một lúc.', 1),
(13, 'iPhone 14 Pro Max', 27390000, 'https://cdn.tgdd.vn/Products/Images/42/251192/iphone-14-pro-max-tim-thumb-600x600.jpg', 'iPhone 14 Pro Max một siêu phẩm trong giới smartphone được nhà Táo tung ra thị trường vào tháng 09/2022. Máy trang bị con chip Apple A16 Bionic vô cùng mạnh mẽ, đi kèm theo đó là thiết kế màn hình mới, hứa hẹn mang lại những trải nghiệm đầy mới mẻ cho người dùng iPhone.Thiết kế cao cấp bền bỉ.iPhone năm nay sẽ được thừa hưởng nét đặc trưng từ người anh iPhone 13 Pro Max, vẫn sẽ là khung thép không gỉ và mặt lưng kính cường lực kết hợp với tạo hình vuông vức hiện đại thông qua cách tạo hình phẳng ở các cạnh và phần mặt lưng.', 1),
(14, 'iPhone 14', 16490000, 'https://cdn.tgdd.vn/Products/Images/42/240259/iPhone-14-thumb-tim-1-600x600.jpg', 'iPhone 14 128GB được xem là mẫu smartphone bùng nổ của nhà táo trong năm 2022, ấn tượng với ngoại hình trẻ trung, màn hình chất lượng đi kèm với những cải tiến về hệ điều hành và thuật toán xử lý hình ảnh, giúp máy trở thành cái tên thu hút được đông đảo người dùng quan tâm tại thời điểm ra mắt. iPhone 14 sở hữu thiết kế cao cấp.Với phiên bản tiêu chuẩn thì nhà Apple vẫn giữ nguyên kiểu dáng thiết kế so với thế hệ tiền nhiệm, vẫn là mặt lưng phẳng cùng bộ khung vuông giúp máy trở nên hiện đại hơn.', 1),
(15, 'Laptop Asus TUF Gaming A15 FA506NF ', 17490000, 'https://cdn.tgdd.vn/Products/Images/44/322269/Slider/vi-vn-asus-tuf-gaming-a15-fa506nf-r5-hn012w-slider-1.jpg', 'Một mẫu laptop chiến game đến từ thương hiệu Asus vừa được lên kệ tại Thế Giới Di Động, sở hữu những thông số cấu hình vượt trội với AMD Ryzen 5 dòng HS mạnh mẽ, card rời RTX 2050 và có một mức giá cân đối. Laptop Asus TUF Gaming A15 FA506NF R5 7535HS (HN012W) chắc chắn sẽ là công cụ tuyệt vời để thoả mãn mọi nhu cầu giải trí của anh em.Bộ vi xử lý AMD Ryzen 5 7535HS cùng card đồ họa rời NVIDIA GeForce RTX 2050 4 GB cung cấp một hiệu năng xử lý mạnh mẽ, thừa sức để chỉnh sửa hình ảnh, render video chuyên nghiệp trên Photoshop, AI,... đồng thời chiến các tựa game hot ở mức cấu hình Medium đến High.Laptop Asus với bộ nhớ RAM 16 GB chuẩn DDR5 cho phép người dùng đa nhiệm trơn tru, chạy các trò chơi hay phần mềm đồ họa nặng mà không gặp hiện tượng giật lag. Máy có khả năng nâng cấp RAM lên đến 32 GB, giúp cho hệ thống nâng cao hiệu suất, đáp ứng mượt mà cho nhu cầu sử dụng cao hơn.Ổ cứng SSD 512 GB NVMe PCIe 4.0 không chỉ có tốc độ truy xuất dữ liệu cao, giúp tối ưu khởi động máy mà còn cho phép người dùng lưu trữ nhiều ứng dụng, dữ liệu và trò chơi.Màn hình laptop 15.6 inch được phủ tấm nền IPS độ phân giải Full HD (1920 x 1080) có khả năng tái tạo màu tốt, hình ảnh hiển thị sắc nét cùng góc nhìn bao quát và đều màu lên đến 178 độ. Công nghệ Anti Glare hỗ trợ chống chói, lóa mờ trên màn hình khi bạn sử dụng ở nơi có cường độ ánh sáng mạnh.Tần số quét 144 Hz tích hợp công nghệ làm mới Adaptive-Sync giúp loại bỏ những vấn đề như giật, xé ảnh cũng như có độ trễ hình thấp mang lại cho bạn trải nghiệm giải trí tuyệt vời, thích hợp với những game có tiết tấu và tốc độ chuyển cảnh nhanh.Một số những thông số về màu sắc cơ bản như 62.5% sRGB, 47.34% Adobe RGB và 45% NTSC cũng đáp ứng được những điều kiện tối thiểu về màu sắc, để bạn có thể thoải mái tinh chỉnh đồ hoạ một cách bán chuyên.Hệ thống loa đạt chuẩn Hi-Res có khả năng tái tạo chất âm 3D từ nhiều hướng nhờ tích hợp với công nghệ DTS Audio cung cấp chất âm sống động, tách biệt rõ từng sắc âm trầm bổng, hỗ trợ bạn cảm nhận rõ hơn từng giai điệu bài hát, những thước phim hay những trận game kịch tính.Laptop Asus TUF Gaming được chế tác với vỏ nhựa, nắp lưng kim loại cứng cáp, mang những đường nét tinh tế, sẽ thu hút mọi ánh nhìn khi sử dụng máy ở những nơi đông người. Hơn nữa, laptop gaming có đèn chuyển màu RGB - 1 vùng, định hình cá tính với đa màu sắc, vừa dễ dàng sử dụng khi thiếu sáng, vừa mang đến sự hứng khởi khi sử dụng.Hệ thống tản nhiệt thông dụng với quạt Arc Flow 84 cánh, đảm bảo được lượng nhiệt ở mức ổn định kể cả khi bạn thực hiện những công việc hiệu suất cao như stream game hay làm đồ hoạ, không bị nâng hay tụt hiệu năng trong quá trình sử dụng.Laptop gaming có đầy đủ các cổng giao tiếp đáp ứng mọi nhu cầu kết nối: HDMI, Jack 3.5 mm, USB 3.2, USB Type-C,...\r\n\r\n', 2),
(16, 'Laptop Acer Gaming Aspire 5 A515 58GM 51LB ', 16690000, 'https://cdn.tgdd.vn/Products/Images/44/314630/Slider/vi-vn-acer-aspire-5-a515-58gm-51lb-i5-nxkq4sv002-slider-1.jpg', 'Mẫu laptop gaming với mức giá tầm trung đến từ thương hiệu Acer vừa được lên kệ tại Thế Giới Di Động, sở hữu hiệu năng mạnh mẽ với con chip Intel Gen 13 dòng H hiệu năng cao, RAM 16 GB, card rời RTX cùng nhiều tính năng hiện đại. Laptop Acer Aspire 5 Gaming A515 58GM 51LB i5 13420H (NX.KQ4SV.002) chắc chắn sẽ mang đến cho bạn những trải nghiệm sử dụng và chiến game giải trí tuyệt vời.Cấu hình chiến mọi tựa game \"HOT HIT\" .Những mẫu laptop Aspire Gaming chắc chắn đã quá quen thuộc với anh em nhờ hiệu năng mạnh mẽ nhưng lại được gắn với mác giá vô cùng hợp lý. Với mẫu Acer Aspire 5 Gaming vào năm 2023 này chắc chắn sẽ không làm mọi người thất vọng với cũng giá đó nhưng hiệu năng có phần được nâng lên nữa.', 2),
(17, 'Laptop HP Gaming VICTUS 15 fa1139TX ', 20290000, 'https://cdn.tgdd.vn/Products/Images/44/318163/Slider/vi-vn-hp-victus-15-fa1139tx-i5-8y6w3pa-slider-1.jpg', 'Dòng Gaming Victus là một mẫu laptop gaming độc đáo từ thiết kế đến hiệu năng của nhà HP. Chỉ với một mức giá tầm trung là bạn có thể sở hữu ngay chiếc laptop HP Gaming VICTUS 15 fa1139TX i5 12450H (8Y6W3PA) có thể cân mượt các tựa game cũng như hỗ trợ làm việc tối ưu nhất.Giải trí ấn tượng với màn hình 15.6 inch cùng độ phân giải Full HD (1920 x 1080) và tấm nền IPS đem đến cho bạn khung hình to, bao trọn thị giác, khả năng tái tạo màu sắc chuẩn xác từ mọi góc độ. Hơn nữa, màn hình rộng lớn không chỉ giúp bạn chiến game đã mắt còn cho phép thuận tiện chia đôi cửa sổ khi làm việc.Tần số quét 144 Hz bạn hoàn toàn đắm chìm vào không gian giải trí hấp dẫn với những chuyển động nhân vật game mượt mà và chính xác, hạn chế rách hình hay bóng mờ khi trải nghiệm tốc độ cao như thể loại bắn súng và đua xe. Ngoài ra, công nghệ chống chói Anti Glare giảm tình trạng phản xạ sáng trong môi trường, dễ dàng sử dụng laptop ngoài trời hay cạnh cửa sổ hoặc dưới ánh đèn.Hệ thống âm thanh gồm các công nghệ hiện đại như Audio by B&O, Realtek High Definition Audio và HP Audio Boost mang lại chất âm sinh động, âm lượng to cùng độ rung tần số hoàn hảo để bạn trải nghiệm mọi âm sắc được phát ra từ bản nhạc, những bộ phim hay các trận game kịch tính.Chip Intel Core i5 12450H series H hiệu năng cao tích hợp cùng GPU NVIDIA GeForce RTX 2050 4 GB, laptop HP Victus cho người dùng thoả thích chiến các tựa Esport yêu thích như FO4, LOL, CS:GO,... một cách trơn tru. Hơn nữa, phần cứng với hiệu suất vận hành tối ưu hỗ trợ làm tốt những công việc đồ hoạ, thiết kế hình ảnh, edit video,...Thao tác đa nhiệm trên các phần mềm đồ hoạ hay các tựa game cũng mượt mà hơn với RAM 16 GB có hỗ trợ nâng cấp lên tận 32 GB hạn chế tình trạng giật lag và phản hồi nhanh chóng mọi tác vụ. Thêm vào đó, ổ cứng SSD 512 GB NVMe PCIe Gen 4.0 khởi động nhanh mọi phần mềm chỉ trong vài giây, cung cấp dung lượng vừa đủ cho việc lưu trữ của người dùng.Laptop HP được thiết kế với tông màu đen cá tính, chi tiết tối giản cùng logo hãng in chìm ở mặt A của máy cũng làm nổi bật hơn nét thanh lịch, cao cấp đặc trưng của dòng máy và khác xa những mẫu máy chiến game khác. Thiết bị có khối lượng tổng thể 2.29 kg, không quá nặng để bạn có thể bỏ gọn trong balo và mang theo mình mọi lúc.Laptop có đèn nền bàn phím để dễ dàng thao tác phím hơn ngay cả trong bóng tối. Đa dạng các cổng giao tiếp được trang bị như USB Type-C 3.2, Jack tai nghe 3.5 mm, USB 3.2, HDMI, LAN (RJ45) và khe SD.', 2),
(18, 'Laptop MSI Gaming GF63 Thin 12UCX  ', 16990000, 'https://cdn.tgdd.vn/Products/Images/44/316940/Slider/vi-vn-msi-gaming-gf63-thin-12ucx-i5-873vn-slider-1.jpg', 'Mẫu laptop Gaming \"quốc dân\" sở hữu mức giá thân thiện phù hợp với mọi game thủ, mang trong mình hiệu suất mạnh mẽ vượt trội cùng đa dạng các tính năng sử dụng. Laptop MSI Gaming GF63 Thin 12UCX i5 12450H (873VN) chắc chắn là sự lựa chọn tuyệt vời cho những buổi chiến game của bạn.\r\n• Laptop sở hữu bộ vi xử lý Intel Core i5 12450H được tích hợp chung với card rời NVIDIA GeForce RTX 2050 4 GB cho khả năng vận hành tốc độ mọi tác vụ bạn cần từ chơi game giải trí đến làm việc hay thậm chí đồ hoạ. Hơn nữa, phần cứng có khả năng xuất đồ hoạ ổn định để mang đến những khung hình game thật hấp dẫn và đầy chân thực, đồng thời cũng tương thích tốt với các yêu cầu đồ hoạ đơn giản như làm hình ảnh hay dựng video ngắn.Hỗ trợ đa nhiệm tuyệt vời với bộ nhớ RAM 16 GB, bạn có thể mở nhiều ứng dụng hay game nặng mà không lo đến các vấn đề giật, lag máy. Ngoài ra, RAM cũng có khả năng nâng cấp lên tận 64 GB để phục vụ tối ưu hơn cho các hoạt động của bạn. Laptop MSI có ổ cứng SSD 512 GB mang đến không gian vừa đủ cho bạn thoải mái lưu trữ tài liệu hay những tựa game yêu thích. Đồng thời, với chuẩn NVMe PCIe Gen 4.0, thời gian bạn truy xuất dữ liệu hay khởi động ứng dụng cũng được rút ngắn đáng kể.Trải nghiệm những khung cảnh game hấp dẫn và thu hút thị giác trên màn hình 15.6 inch tích hợp tấm nền IPS, cho góc nhìn trải rộng lên đến 178 độ. Độ phân giải Full HD (1920 x 1080) giúp tái hiện rõ nét và chân thực mọi hình ảnh, phục vụ tốt cho nhu cầu từ làm việc đến giải trí của bạn. Công nghệ chống chói Anti Glare cho bạn sử dụng ở môi trường có cường độ ánh sáng cao tránh tình trạng gây khó chịu mắt và chống lóa.Tốc độ làm tươi khung hình cao 144 Hz khiến cho mọi chuyển động được diễn ra mượt mà, khi bạn chơi các tựa game tốc độ cao như: Forza Horizon, CS:GO,... đều không bị nhoè mờ hay rách hình.Loa đạt tiêu chuẩn Hi-Res tích hợp cùng công nghệ Nahimic 3 giúp máy có khả năng giả lập âm thanh vòm, chất âm cao tần như toả ra từ mọi hướng và bao trọn thính giác người dùng, rõ ràng, đầy sống động cho bạn trải nghiệm chơi game, xem phim hay nghe nhạc y như thật.Thiết kế tối giản nhưng vẫn ngầu với tông màu đen nam tính, bộ khung hầm hố cùng logo rồng đỏ đặc trưng trên phần mặt A máy. Bền bỉ hơn với nắp lưng và chiếu nghỉ tay bằng kim loại, bảo vệ tốt cho các linh kiện bên trong khi có lỡ xảy ra va chạm.Hệ thống tản nhiệt Cooler Boost với các khe nhiệt bao quanh khung máy, làm duy trì lâu dài hiệu suất hoạt động tối ưu nhất của thiết bị. Bàn phím với đèn nền đơn sắc đỏ hỗ trợ cho việc chơi game tốt ngay cả khi thiếu sáng.Laptop Gaming MSI GF có đầy đủ các cổng thông dụng ở 2 bên và đằng sau như: USB Type-C, Jack tai nghe 3.5 mm, USB 3.2, HDMI và LAN (RJ45) thuận lợi cho việc kết nối với chuột, màn hình rời,...', 2),
(19, 'Lenovo Ideapad Gaming 3 15ACH6 ', 15990000, 'https://cdn.tgdd.vn/Products/Images/44/313667/lenovo-ideapad-gaming-3-15ach6-r5-82k2027pvn-600x600.png', 'Một mẫu laptop gaming hot mang mức giá tầm trung và sở hữu những thông số đủ mạnh cho các anh em chiến thoải mái với những con game thịnh hành, phục vụ giải trí hay công việc đầy đủ. Laptop Lenovo Ideapad Gaming 3 15ACH6 R5 5500H (82K2027PVN) chắc chắn sẽ không khiến bạn thất vọng với giá trị bỏ ra.Laptop Lenovo Ideapad sở hữu con chip AMD Ryzen 5 5500H tích hợp cùng card rời NVIDIA GeForce RTX 2050 4 GB hỗ trợ mức hiệu suất mạnh mẽ cho phép bạn chiến thoả thích với những tựa game đang hot như: FO4, Call Of Duty, CS:GO,... Ngoài ra, mức cấu hình trên cũng rất hữu ích khi thực hiện chỉnh sửa hình ảnh và edit video cơ bản với Photoshop, AI, CapCut,... và vận hành nhanh chóng các công việc thường ngày.Bộ nhớ RAM 16 GB cho trải nghiệm đa nhiệm mượt mà, mở nhiều ứng dụng, các tựa game hay ứng dụng đồ hoạ mà không lo thiết bị gặp hiện tượng lag hay đơ. Ổ cứng SSD 512 GB NVMe PCIe Gen 4.0 giảm thời gian chờ đợi khi khởi động ứng dụng đi đáng kể, dung lượng thoải mái có hỗ trợ nâng cấp lên tối đa tận 1 TB.Tận hưởng khung cảnh game phong phú và bắt mắt qua các chi tiết hình ảnh sắc nét trong khung hình 15.6 inch có độ phân giải Full HD (1920 x 1080). Ngoài ra, tính năng chống chói Anti Glare cùng mức sáng 300 nits luôn đảm bảo cho chất lượng hiển thị ở mức tối ưu nhất ở nhiều không gian sử dụng khác nhau.Thêm nữa, tần số quét 144 Hz cũng khiến những trải nghiệm chơi game FPS tốc độ cao của bạn cũng được trở nên thích mắt và mượt mà hơn hẳn.\r\nLaptop mang đến cho người dùng cảm giác đắm chìm hơn trong những trận game căng thẳng, những bộ phim bom tấn nhờ công nghệ Nahimic Audio có khả năng tái tạo âm thanh 3D với chất âm như toả ra từ mọi hướng.Dễ dàng chia sẻ những giờ phút giải trí cùng bạn bè với HD webcam được trang bị sẵn, bạn cũng có thể đóng mở thủ công khi không dùng với công tắc khoá camera để giữ an toàn cho hình ảnh cá nhân. Bàn phím máy có đèn nền sẵn sàng phục vụ cho những buổi chiến game vào đêm khuya.Thiết kế kiểu dáng phi thuyền cuốn hút, không mang quá nhiều chi tiết nhưng với bộ khung độc đáo thì máy vẫn trọn vẹn thể hiện nét phong cách và cá tính điển hình của những mẫu laptop gaming. Khối lượng 2.25 kg vẫn khá thoải mái cho anh em có thể bỏ trong balo và mang theo bên mình cả ngày.Laptop Lenovo có đầy đủ các cổng kết nối thông dụng dọc 2 bên máy như: USB Type-C, Jack tai nghe 3.5 mm, USB 3.2, HDMI và LAN để thuận tiện khi truyền tải dữ liệu với các thiết bị ngoại vi.', 2),
(20, 'Acer Gaming Nitro 5 Tiger AN515 58 769J ', 21990000, 'https://cdn.tgdd.vn/Products/Images/44/313332/acer-nitro-5-an515-58-769j-i7-nhqfhsv003-thumb-600x600.jpg', 'Trải nghiệm giải trí đỉnh cao nhờ hiệu năng từ con chip Intel Core i7 dòng H series hiệu năng cao cùng ngoại hình độc đáo, laptop Acer Gaming Nitro 5 AN515 58 769J i7 12700H (NH.QFHSV.003) chắc chắn sẽ trở thành trợ thủ đắc lực cho người dùng trong những chiến trường ảo đầy kịch tính hay những tác vụ văn phòng và đồ hoạ chuyên nghiệp.Bứt phá giới hạn với hiệu năng mạnh mẽ.Laptop gaming sở hữu sức mạnh đến từ con chip Intel Core i7 12700H thuộc dòng H hiệu năng cao đạt tốc độ xung nhịp tối đa lên đến 4.7 GHz đem đến tốc độ xử lý nhanh chóng và hiệu quả cho mọi tác vụ từ văn phòng như Word, Excel, PowerPoint,... đến các ứng dụng đồ họa kỹ thuật nâng cao như Photoshop, Illustrator, AutoCAD,...  ', 2),
(21, 'Asus TUF Gaming F15 FX507ZC4 ', 21990000, 'https://cdn.tgdd.vn/Products/Images/44/317709/asus-tuf-gaming-f15-fx507zc4-i5-hn229w-thumb-600x600.jpg', 'Laptop Asus TUF Gaming F15 FX507ZC4 i5 12500H (HN229W) với cấu trúc mạnh mẽ, hiệu năng vượt trội cùng mức giá hoàn toàn ưu đãi tại Thế Giới Di Động. Đây chính xác là mẫu laptop gaming được thiết kế dành riêng cho những anh em đam mê thể thao điện tử, đáp ứng đầy đủ đến cả những công việc thiết kế, sáng tạo.CPU Intel Core i5 12500H dòng H hiệu năng cao cung cấp khả năng vận hành đa nhiệm tuyệt vời từ việc chiến các tựa game Esport mượt mà, chạy coding đến việc đáp ứng các nhu cầu chỉnh sửa đồ hoạ, edit video cơ bản qua các nền tảng nhà Adobe. Hơn nữa, card rời NVIDIA GeForce RTX 3050 với 4 GB VRAM sở hữu những công nghệ như MUX Switch cho ra chất lượng hình ảnh xuất sắc, Ray Tracing tái tạo chân thực những cảnh sắc game sẽ hoàn toàn đắm chìm bạn vào khung cảnh giải trí hấp dẫn.', 2),
(22, 'HP Gaming VICTUS 15 fb1022AX ', 20990000, 'https://cdn.tgdd.vn/Products/Images/44/321467/hp-victus-15-fb1022ax-r5-94f19pa-thumb-1-600x600.jpg', 'Laptop HP Gaming VICTUS cho phép người dùng không chỉ chiến đấu hấp dẫn ở mọi tựa game một cách trơn tru mà còn thao tác hiệu quả các tác vụ văn phòng như Word, Excel,... nhờ chip AMD Ryzen 5 7535HS có 6 nhân 12 luồng, với tốc độ cơ bản 3.30 GHz và đạt tối đa đến 4.55 GHz nhờ Turbo Boost. Hơn thế nữa, máy còn hỗ trợ làm hình ảnh, thiết kế đồ hoạ, poster, render video ngắn hiệu quả.Mang đến hiệu suất chơi game đáng kinh ngạc cùng giải pháp đồ họa hiệu quả nhờ card rời NVIDIA GeForce RTX 2050 4 GB, cho bạn thỏa sức sáng tạo với các nền tảng Adobe hay tận hưởng chất lượng hình ảnh rõ nét trong từng chuyển động ở thế giới ảo của cả các tựa game có đồ họa cao như Valorant, CS:GO, FO4 Online,...Đa nhiệm hơn khi thoải mái mở và di chuyển giữa nhiều ứng dụng cùng lúc mà không lo xuất hiện tình trạng giật hay lag máy nhờ RAM 16 GB chuẩn DDR5 với tốc độ Bus RAM 4800 MHz. Đồng thời RAM được hỗ trợ nâng cấp lên đến 32 GB theo nhu cầu sử dụng cá nhân.Ổ cứng SSD 512 GB NVMe PCIe không chỉ mang đến không gian lưu trữ vừa đủ mà còn hỗ trợ mở và truy cập máy, ứng dụng một cách nhanh chóng chỉ trong vài giây.Bạn dễ dàng kiểm soát mọi trận đấu trong tầm tay nhờ phần mềm OMEN Gaming Hub, giúp bạn nhận diện các chỉ số quan trọng như mức sử dụng, nhiệt độ CPU, GPU và bộ nhớ hoặc cho phép điều chỉnh ép xung để tối ưu sử dụng cho gaming. Chiếc laptop HP này được hoàn thiện với lớp vỏ nhựa cứng cáp, các chi tiết máy không quá nổi bật nhưng bù lại bộ khung hầm hố và sắc sảo nên vẫn giữ nguyên được những nét cá tính nhất định. Hơn thế nữa, đèn nền được cài đặt dưới bàn phím giúp bạn dễ dàng nhìn thấy trong điều kiện thiếu sáng.Máy có cân nặng tiêu chuẩn 2.29 kg vẫn gọn gàng cùng củ sạc trong balo để bạn mang theo cả ngày. Hai bên laptop được trang bị các cổng giao tiếp phổ biến như: HDMI, LAN, USB Type-C, USB Type-A, Jack tai nghe 3.5 mm và khe cắm SD, cho phép người dùng liên kết với nhiều thiết bị tương thích khác nhau.Màn hình 15.6 inch với độ phân giải Full HD (1920 x 1080) cùng độ sáng 250 nits mang đến không gian hiển thị ấn tượng mọi nội dung, làm việc đa nhiệm với nhiều cửa sổ hay giải trí phim ảnh, chơi game đều tốt.Khung hình được trải rộng lên đến 178 độ nhờ tấm nền IPS, cùng công nghệ Anti Glare, cho phép bạn tận hưởng trọn vẹn không gian hình ảnh ở bất kỳ điều kiện ánh sáng nào mà không lo mắt bị mỏi.Nâng tầm chất lượng hình ảnh với tần số quét màn hình 144 Hz, cho những chuyển động trong game mượt mà, chân thật đến từng chi tiết, tạo những trải nghiệm trọn vẹn với cả những tựa game hành động đầy kịch tính.Làm việc và học tập hay trò chuyện trực tuyến cùng các ứng dụng Zoom, Microsoft Teams, Google Meet,... với chất lượng hình ảnh sắc nét nhờ HD webcam khi sở hữu độ phân giải 720p.Sự kết hợp của công nghệ HP Audio Boost và Audio by B&O trên laptop gaming mang đến âm thanh to rõ, hài hòa cùng khả năng khử tiếng ồn, mang đến không gian âm nhạc lý tưởng, cho bạn thư giãn sau một ngày làm việc mệt mỏi.', 2),
(23, 'MacBook Air 13 inch M3', 27290000, 'https://cdn.tgdd.vn/Products/Images/44/322612/macbook-air-13-inch-m3-2024-050324-020626-600x600.jpg', 'Tiếp nối những thành công mạnh mẽ từ phiên bản Macbook Air M2, thì nay MacBook Air M3 đã quay lại thật bùng nổ vào những tháng đầu 2024 này. Với con chip M3 cải tiến tuyệt vời, ngoại hình đến tiện ích \"miễn chê\" sẽ cho bạn trải nghiệm những chế độ công việc tuyệt vời.Nguồn tài nguyên tuyệt vời từ dòng chip thế hệ mới Macbook Air sử dụng con chip Apple M3 với 8 nhân CPU được sản xuất dựa trên tiến trình 3 nm mới, mỏng nhẹ hoàn toàn nhưng lại sở hữu mức hiệu năng theo hãng nhận định là vượt trội hơn hẳn các thế hệ trước, 1.6x lần nhanh hơn thế hệ M1 và vận dụng nhanh hơn đến 13x lần đối với thế hệ chip Intel.', 2),
(24, 'MacBook Air 13 inch M1', 18190000, 'https://cdn.tgdd.vn/Products/Images/44/231244/macbook-air-m1-2020-gray-600x600.jpg', 'Laptop Apple MacBook Air M1 2020 thuộc dòng laptop cao cấp sang trọng có cấu hình mạnh mẽ, chinh phục được các tính năng văn phòng lẫn đồ hoạ mà bạn mong muốn, thời lượng pin dài, thiết kế mỏng nhẹ sẽ đáp ứng tốt các nhu cầu làm việc của bạn.Chip Apple M1 tốc độ xử lý nhanh gấp 3.5 lần thế hệ trướ.Chiếc MacBook này được trang bị con chip Apple M1 được sản xuất độc quyền bởi Nhà Táo trên tiến trình 5 nm, 8 lõi bao gồm 4 lõi tiết kiệm điện và 4 lõi hiệu suất cao, mang đến một hiệu năng kinh ngạc, xử lý mọi tác vụ văn phòng một cách mượt mà như Word, Excel, Powerpoint,... thực hiện tốt các nhiệm vụ chỉnh sửa hình ảnh, kết xuất 2D trên các phần mềm Photoshop, AI,... máy còn hỗ trợ tiết kiệm được điện năng cao.', 2),
(25, 'MacBook Air 13 inch M2', 24390000, 'https://cdn.tgdd.vn/Products/Images/44/282827/apple-macbook-air-m2-2022-xanh-600x600.jpg', 'Sau 14 năm, ba lần sửa đổi và hai kiến trúc bộ vi xử lý khác nhau, kiểu dáng mỏng dần mang tính biểu tượng của MacBook Air đã đi vào lịch sử. Thay vào đó là một chiếc MacBook Air M2 với thiết kế hoàn toàn mới, độ dày không thay đổi tương tự như MacBook Pro, đánh bật mọi rào cản với con chip Apple M2 đầy mạnh mẽ.Lột xác ngoạn mục với thiết kế thời thượng, sang trọng Sự đẳng cấp đến từ ngoại hình của chiếc MacBook Air nhà Apple là điều không thể phủ nhận và khó có dòng sản phẩm cùng phân khúc nào có thể qua mặt được. Vẫn là lớp vỏ kim loại nguyên khối cứng cáp cùng các cạnh góc vuông vức, sang trọng nhưng chiếc MacBook Air 2022 năm nay đã thoát ra khỏi ngôn ngữ thiết kế nhẹ nhàng vốn có từ lâu và khoác lên diện mạo mới tương tự như “đàn anh” MacBook Pro.', 2),
(26, 'MacBook Air 15 inch M2 Sạc 35W', 27590000, 'https://cdn.tgdd.vn/Products/Images/44/309016/apple-macbook-air-15-inch-m2-2023-gray-thumb-600x600.jpg', 'MacBook Air 15 inch M2 2023 đã có phiên bản cải tiến vừa được nhà Apple cho ra mắt, thêm không gian cho những điều bạn yêu với màn hình Liquid Retina 15 inch ấn tượng. Với người dùng yêu thích hiệu năng \"nhanh như chớp\" trong một thiết kế siêu gọn nhẹ của dòng Air thì đây chắc chắn là một sản phẩm bạn không nên bỏ qua.Màn hình Retina 15 inch lớn ấn tượng. Với phiên bản 2023, Macbook Air được nâng cấp màn hình lên 15.3 inch, được trang bị tấm nền IPS cùng độ phân giải Liquid Retina (2880 x 1864) giúp những khung hình được tái hiện hoàn hảo, có độ sắc nét cao cùng không gian trải nghiệm nội dung rộng lớn. Độ phủ màu rộng P3 cùng mức hiển thị 1 tỷ màu hỗ trợ các tác vụ đồ họa với khả năng xuất hình ảnh chuẩn xác.', 2),
(27, 'MacBook Air 13 inch M2 10GPU', 33690000, 'https://cdn.tgdd.vn/Products/Images/44/289441/apple-macbook-air-m2-2022-16gb-600x600.jpg', 'MacBook Air M2 2022 một lần nữa đã khẳng định vị thế hàng đầu của Apple trong phân khúc laptop cao cấp - sang trọng vào giữa năm 2022 khi sở hữu phong cách thiết kế thời thượng, đẳng cấp cùng sức mạnh bộc phá đến từ bộ vi xử lý Apple M2 mạnh mẽ.Khám phá nguồn sức mạnh từ dòng chip thế hệ mớiChip Apple M2 vẫn được sản xuất ở tiến trình 5 nm với 4 nhân hiệu năng cao và 4 nhân tiết kiệm kiệm như dòng M1 nhưng tốc độ băng thông đã được cải tiến vượt trội lên đến 100GB/s, cùng với đó là sự trợ giúp của 20 nghìn tỷ bóng bán dẫn giúp hiệu suất hoạt động được nâng cao hơn 18% so với phiên bản tiền nhiệm, đảm bảo vận hành trơn tru mọi tác vụ học tập, làm việc từ cơ bản đến nâng cao.', 2),
(28, 'Asus Zenbook 14 OLED UX3405MA Ultra 5 125H', 26990000, 'https://cdn.tgdd.vn/Products/Images/44/320431/asus-zenbook-14-oled-ux3405ma-ultra-5-pp151w-thumb-1-600x600.jpg', 'Mở đầu cho kỷ nguyên laptop mới, hiện đại, thông minh, laptop Asus Zenbook 14 OLED UX3405MA Ultra 5 (PP151W) sở hữu con chip Intel Meteor Lake hoàn toàn mới, được tích hợp hàng loạt những tính năng AI hữu ích, màn hình chuẩn sắc nét. Mẫu sản phẩm này chắc chắn sẽ nâng tầm đáng kể cho phong cách làm việc của bạn.Làm việc thông minh, tiện dụng hơn.Mình khá thích thú ngay từ lần đầu tiên được trải nghiệm sử dụng mẫu laptop Asus sở hữu dòng chip mới này, máy được gắn con chip Intel Core Ultra 5 Meteor Lake - 125H với 14 nhân và 18 luồng đi cùng với card tích hợp Intel Arc Graphics. Với số lượng nhân nhiều hơn so với mẫu Zenbook 14 OLED thế hệ chip cũ cùng tính năng AI hỗ trợ', 2),
(29, 'Acer Swift Go 14 AI SFG14 73 53X7 Ultra 5 125H', 23490000, 'https://cdn.tgdd.vn/Products/Images/44/325050/acer-swift-go-14-ai-73-53x7-ultra-5-nxkslsv001-thumb-600x600.jpg', 'Trong bối cảnh ngày càng phát triển của công nghệ, việc lựa chọn một chiếc laptop phù hợp không chỉ đòi hỏi hiệu năng mạnh mẽ mà còn yêu cầu thiết kế thời trang, tiện ích và độ bền.Laptop Acer Swift Go 14 AI 73 53X7 Ultra 5 125H (NX.KSLSV.001) chính là sự lựa chọn lý tưởng với cấu hình ấn tượng, thiết kế đẹp mắt và màn hình chất lượng cao, mẫu laptop này hứa hẹn sẽ mang đến trải nghiệm làm việc và giải trí tốt nhất.Acer Swift Go 14 AI được trang bị bộ xử lý Intel Core Ultra 5 Meteor Lake - 125H, đây là một trong những dòng CPU mạnh mẽ và tiên tiến nhất từ Intel. Với 14 nhân xử lý và 18 luồng, máy đảm bảo khả năng xử lý đa nhiệm và tác vụ đòi hỏi năng suất cao và hiệu quả.Tốc độ xử lý được điều chỉnh thông qua công nghệ Turbo Boost lên đến 4.5 GHz, giúp máy hoạt động nhanh chóng và mượt mà trong mọi tình huống', 2),
(30, 'MSI Prestige 13 AI Evo A1MG Ultra 7 155H (062VN)', 33990000, 'https://cdn.tgdd.vn/Products/Images/44/322959/msi-prestige-13-ai-evo-a1mg-ultra-7-062vn-070424-040052-600x600.jpg', 'Bắt kịp ngay với xu thế làm việc thông minh từ tương lai với hàng loạt những tính năng AI tích hợp trên dòng chip mới, không chỉ thế laptop MSI Prestige 13 AI Evo A1MG Ultra 7 155H (062VN) còn sở hữu dáng vẻ cao cấp chuẩn doanh nhân, nhiều tiện ích hiện đại miễn bàn dành riêng cho các chuyên gia.Thời thượng, nhỏ gọn bất ngờ.Thiết kế máy dạng mỏng với bề dày chỉ vỏn vẹn 16.9 mm khi gập hoàn toàn, khối lượng \"có như không\" 0.99 kg cực kì linh động cho nhiều các chế độ làm việc trong ngày, mang vác đi khắp nơi mà không bị vướng víu. Mỏng nhẹ là thế nhưng laptop của bạn vẫn vô cùng bền bỉ khi phủ lớp vỏ Nhôm - Magie, hạn chế trầy xước và hỏng hóc trong quá trình sử dụng', 2);

--
-- Chỉ mục cho các bảng đã đổ
--

--
-- Chỉ mục cho bảng `chitietdonhang`
--
ALTER TABLE `chitietdonhang`
  ADD PRIMARY KEY (`id`);

--
-- Chỉ mục cho bảng `donhang`
--
ALTER TABLE `donhang`
  ADD PRIMARY KEY (`id`);

--
-- Chỉ mục cho bảng `loaisanpham`
--
ALTER TABLE `loaisanpham`
  ADD PRIMARY KEY (`id`);

--
-- Chỉ mục cho bảng `sanpham`
--
ALTER TABLE `sanpham`
  ADD PRIMARY KEY (`id`);

--
-- AUTO_INCREMENT cho các bảng đã đổ
--

--
-- AUTO_INCREMENT cho bảng `chitietdonhang`
--
ALTER TABLE `chitietdonhang`
  MODIFY `id` int(11) NOT NULL AUTO_INCREMENT;

--
-- AUTO_INCREMENT cho bảng `donhang`
--
ALTER TABLE `donhang`
  MODIFY `id` int(11) NOT NULL AUTO_INCREMENT, AUTO_INCREMENT=3;

--
-- AUTO_INCREMENT cho bảng `loaisanpham`
--
ALTER TABLE `loaisanpham`
  MODIFY `id` int(11) NOT NULL AUTO_INCREMENT, AUTO_INCREMENT=5;

--
-- AUTO_INCREMENT cho bảng `sanpham`
--
ALTER TABLE `sanpham`
  MODIFY `id` int(11) NOT NULL AUTO_INCREMENT, AUTO_INCREMENT=31;
COMMIT;

/*!40101 SET CHARACTER_SET_CLIENT=@OLD_CHARACTER_SET_CLIENT */;
/*!40101 SET CHARACTER_SET_RESULTS=@OLD_CHARACTER_SET_RESULTS */;
/*!40101 SET COLLATION_CONNECTION=@OLD_COLLATION_CONNECTION */;
